<?xml version="1.0" encoding="utf-8"?>
<root>
  <shell>
  
    <menu separator="true" />
    
    <menu name="ShellAnything">
      <icon path="${application.path}" index="0" />

      <menu name="Directories">
        <icon path="C:\Windows\system32\shell32.dll" index="3" />
        
        <menu name="Application">
          <icon path="C:\Windows\system32\shell32.dll" index="72" />
          <actions>
            <open path="${application.directory}" />
          </actions>
        </menu>
        <menu name="Logs">
          <icon path="C:\Windows\system32\shell32.dll" index="70" />
          <actions>
            <open path="${log.directory}" />
          </actions>
        </menu>
        <menu name="Configurations">
          <icon path="C:\Windows\system32\shell32.dll" index="69" />
          <actions>
            <open path="${config.directory}" />
          </actions>
        </menu>
      </menu>

      <menu name="Documentation">
        <icon path="C:\Windows\system32\shell32.dll" index="154" />
        <!-- <icon path="C:\Windows\system32\shell32.dll" index="253" /> -->
        
        <menu name="CONTRIBUTING">
          <menu name="markdown">
            <visibility exists="${application.install.directory}\CONTRIBUTING.md" />
            <icon fileextension="md" />
            <actions>
              <open path="${application.install.directory}\CONTRIBUTING.md" />
            </actions>
          </menu>
          <menu name="html">
            <visibility exists="${application.install.directory}\CONTRIBUTING.html" />
            <icon fileextension="html" />
            <actions>
              <open path="${application.install.directory}\CONTRIBUTING.html" />
            </actions>
          </menu>
        </menu>
        
        <menu name="README">
          <menu name="markdown">
            <visibility exists="${application.install.directory}\README.md" />
            <icon fileextension="md" />
            <actions>
              <open path="${application.install.directory}\README.md" />
            </actions>
          </menu>
          <menu name="html">
            <visibility exists="${application.install.directory}\README.html" />
            <icon fileextension="html" />
            <actions>
              <open path="${application.install.directory}\README.html" />
            </actions>
          </menu>
        </menu>
        
        <menu name="UserManual">
          <menu name="markdown">
            <visibility exists="${application.install.directory}\UserManual.md" />
            <icon fileextension="md" />
            <actions>
              <open path="${application.install.directory}\UserManual.md" />
            </actions>
          </menu>
          <menu name="html">
            <visibility exists="${application.install.directory}\UserManual.html" />
            <icon fileextension="html" />
            <actions>
              <open path="${application.install.directory}\UserManual.html" />
            </actions>
          </menu>
        </menu>
        
      </menu>
        
      <menu name="Github">
        <icon fileextension="html" />
        
        <menu name="Source code">
          <!--<icon path="C:\Windows\system32\dsuiext.dll" index="8" />-->
          <icon path="C:\Windows\System32\wscript.exe" index="1" />
          <actions>
            <open path="https://github.com/end2endzone/ShellAnything" />
          </actions>
        </menu>
        <menu name="Latest Release">
          <icon path="C:\Windows\system32\ieframe.dll" index="12" />
          <actions>
            <open path="https://github.com/end2endzone/ShellAnything/releases/latest" />
          </actions>
        </menu>
      </menu>

      <menu name="Verbose logging">
        <icon path="C:\Windows\system32\shell32.dll" index="70" />
        
        <menu name="Verbose logging is ENABLED">
          <visibility istrue="${system.logging.verbose}" />
        </menu>
        <menu name="Verbose logging is DISABLED">
          <visibility istrue="${system.logging.verbose}" inverse="istrue" />
        </menu>
        <menu separator="true" />
        <menu name="Enable">
          <icon path="C:\Windows\system32\shell32.dll" index="302" />
          <actions>
            <property name="system.logging.verbose" value="${system.true}" />
          </actions>
        </menu>
        <menu name="Disable">
          <icon path="C:\Windows\system32\shell32.dll" index="109" />
          <actions>
            <property name="system.logging.verbose" value="${system.false}" />
          </actions>
        </menu>
      </menu>

      <menu separator="true" />
      
      <menu name="Windows icon previews...">
        <icon path="C:\Windows\system32\shell32.dll" index="130" />
        <menu name="Windows 10 Home">
          <menu name="shell32.dll">
            <actions>
              <open path="${application.install.directory}\resources\Windows Icon Tables\Win 10 Home - shell32.dll icons.png" />
            </actions>
          </menu>
          <menu name="ieframe.dll">
            <actions>
              <open path="${application.install.directory}\resources\Windows Icon Tables\Win 10 Home - ieframe.dll icons.png" />
            </actions>
          </menu>
          <menu name="imageres.dll">
            <actions>
              <open path="${application.install.directory}\resources\Windows Icon Tables\Win 10 Home - imageres.dll icons.png" />
            </actions>
          </menu>
          <menu name="netshell.dll">
            <actions>
              <open path="${application.install.directory}\resources\Windows Icon Tables\Win 10 Home - netshell.dll icons.png" />
            </actions>
          </menu>
        </menu>

        <menu name="Windows 11 Pro">
          <menu name="shell32.dll">
            <actions>
              <open path="${application.install.directory}\resources\Windows Icon Tables\Win 11 Pro - shell32.dll icons.png" />
            </actions>
          </menu>
          <menu name="ieframe.dll">
            <actions>
              <open path="${application.install.directory}\resources\Windows Icon Tables\Win 11 Pro - ieframe.dll icons.png" />
            </actions>
          </menu>
          <menu name="imageres.dll">
            <actions>
              <open path="${application.install.directory}\resources\Windows Icon Tables\Win 11 Pro - imageres.dll icons.png" />
            </actions>
          </menu>
          <menu name="netshell.dll">
            <actions>
              <open path="${application.install.directory}\resources\Windows Icon Tables\Win 11 Pro - netshell.dll icons.png" />
            </actions>
          </menu>
        </menu>
      </menu>

      <menu name="More configurations files...">
        <icon path="C:\Windows\system32\shell32.dll" index="69" />
        <actions>
          <open path="${application.directory}\resources\configurations" />
        </actions>
      </menu>

      <menu name="Version ${application.version}">
        <icon path="${application.path}" index="0" />
        <validity istrue="${system.false}" />
      </menu>
	  
    </menu>
    
    <menu separator="true" />
    
  </shell>
</root>